Symbol,Name,Industry,Market Cap (Cr),Close Price (₹),Returns 1D (%),Returns 1W (%),Scan Matches Count,Matches
NSE:FCL,Fineotex Chemical Ltd,Speciality Chemicals,4597.45,39.48,1.15,18.84,31,"Stage 2 candidate, Technically Strong , capex capex capex, Tod fod Blockbuster results, Monthly check Industry RS, Early trend picker, Early Stage 2, Relative Strength Index + volume, Golden Crossover Weekly, Golden Crossover Daily, Taaza Taaza 52WH, Early Stage 2 New, Near 52WH with Volume, Weak Index Strong Stocks (Microcap-250), SOIC LTI +ve, MUNAFA HUA HAI, GARP, 200EMa momentum 52weekhigh, Modest result + technicals, Long Term Breakout, Volume Rocketing, Monthly Trend Twist, Breakout Horizon, Cyclone, Buoyant Growth, Bulk Block Deals, Index Outperformance 3 Months, Index Outperformance 1 Year, Industry Outperformance 3 Months, Industry Outperformance 1 Year, Strong Quarterly Growth"
NSE:SPARC,Sun Pharma Advanced Research Company Ltd,Pharma - Others,7644.76,235.57,1.11,31.04,30,"Stage 2 candidate, Technically Strong , Tod fod Blockbuster results, Monthly check Industry RS, Early trend picker, Early Stage 2, Relative Strength Index + volume, Golden Crossover Weekly, Golden Crossover Daily, Taaza Taaza 52WH, Early Stage 2 New, Near 52WH with Volume, SOIC LTI +ve, MUNAFA HUA HAI, GARP, 200EMa momentum 52weekhigh, Modest result + technicals, Long Term Breakout, Volume Rocketing, Monthly Trend Twist, Cyclone, Turbo Surge, Techno Funda, Buoyant Growth, Explosive Growth, Bulk Block Deals, Index Outperformance 3 Months, Industry Outperformance 3 Months, Margin Expansion, Strong Quarterly Growth"
NSE:APOLLO,Apollo Micro Systems Ltd,Aerospace & Defence - Equipments,14724.02,412.1,0.96,20.96,30,"Stage 2 candidate, Consistent Revenue growth, capex capex capex, Monthly check - ATH, Monthly check Industry RS, PAT YOY>> Rev YOY, Early trend picker, Early Stage 2, Relative Strength Index + volume, Taaza Taaza 52WH, Improving inventory days, Early Stage 2 New, Near 52WH with Volume, Weak Index Strong Stocks (Microcap-250), SOIC LTI +ve, Weak Index Strong stocks Microcap 250, MUNAFA HUA HAI, 200EMa momentum 52weekhigh, Modest result + technicals, Volume Rocketing, Cyclone, Turbo Surge, Alpha Leaders, Buoyant Growth, Explosive Growth, Bulk Block Deals, Index Outperformance 3 Months, Index Outperformance 1 Year, Industry Outperformance 3 Months, Industry Outperformance 1 Year"
NSE:RATEGAIN,Rategain Travel Technologies Ltd,IT Product Companies,8631.98,730.5,0.64,8.45,28,"Stage 2 candidate, Technically Strong , Monthly check Industry RS, Early Stage 2, Relative Strength Index + volume, GARP SHANKAR NATH, Golden Crossover Weekly, Golden Crossover Daily, Taaza Taaza 52WH, Early Stage 2 New, Near 52WH with Volume, Weak Index Strong Stocks (Microcap-250), SOIC LTI +ve, Weak Index Strong stocks Microcap 250, MUNAFA HUA HAI, GARP, SIMPLE VALUATION ALL WEATHER, 200EMa momentum 52weekhigh, Modest result + technicals, Long Term Breakout, Volume Rocketing, Monthly Trend Twist, Cyclone, Techno Funda, Buoyant Growth, Index Outperformance 3 Months, Industry Outperformance 3 Months, Industry Outperformance 1 Year"
NSE:WHEELS,Wheels India Ltd,Auto Ancillaries - Wheels,3910.5,1600.5,-2.02,2.32,28,"Stage 2 candidate, Technically Strong , Tod fod Blockbuster results, Monthly check - ATH, Monthly check Industry RS, PAT YOY>> Rev YOY, Early trend picker, Driving Deleverage, GARP SHankar Nath youtube stock scans, Taaza Taaza 52WH, Improving inventory days, Early Stage 2 New, Near 52WH with Volume, SOIC LTI +ve, MUNAFA HUA HAI, GARP, 200EMa momentum 52weekhigh, Alpha Leaders, Techno Funda, Driving Deleverage, Margin Mavericks, Buoyant Growth, Bulk Block Deals, Index Outperformance 3 Months, Index Outperformance 1 Year, Industry Outperformance 3 Months, Industry Outperformance 1 Year, Strong Quarterly Growth"
NSE:SENORES,Senores Pharmaceuticals Ltd,Pharma - API,5319.88,1155.15,0.13,9.33,28,"Stage 2 candidate, Technically Strong , capex capex capex, Tod fod Blockbuster results, Monthly check - ATH, Monthly check Industry RS, PAT YOY>> Rev YOY, Early trend picker, Taaza Taaza 52WH, Early Stage 2 New, Near 52WH with Volume, Weak Index Strong Stocks (Microcap-250), SOIC LTI +ve, MUNAFA HUA HAI, GARP, 200EMa momentum 52weekhigh, Modest result + technicals, Volume Rocketing, Cyclone, Turbo Surge, Techno Funda, Buoyant Growth, Explosive Growth, Index Outperformance 3 Months, Index Outperformance 1 Year, Industry Outperformance 3 Months, Industry Outperformance 1 Year, Margin Expansion"
NSE:SASKEN,Sasken Technologies Ltd,IT - Software,3047.17,2006.5,4.27,10.04,27,"Stage 2 candidate, capex capex capex, Tod fod Blockbuster results, Monthly check Industry RS, PAT YOY>> Rev YOY, Early trend picker, Debt Reducing, Golden Crossover Weekly, Golden Crossover Daily, Taaza Taaza 52WH, Early Stage 2 New, Near 52WH with Volume, Weak Index Strong Stocks (Microcap-250), SOIC LTI +ve, MUNAFA HUA HAI, 200EMa momentum 52weekhigh, Modest result + technicals, Long Term Breakout, Monthly Trend Twist, Breakout Horizon, Cyclone, Buoyant Growth, Bulk Block Deals, Insider Trading Selling, Index Outperformance 3 Months, Industry Outperformance 3 Months, Margin Expansion"
NSE:UNIPARTS,Uniparts India Ltd,"Castings, Forgings & Fastners",2741.77,607.35,8.55,12.57,27,"Stage 2 candidate, Technically Strong , Tod fod Blockbuster results, Monthly check Industry RS, PAT YOY>> Rev YOY, Early trend picker, Relative Strength Index + volume, Taaza Taaza 52WH, Early Stage 2 New, Near 52WH with Volume, SOIC LTI +ve, MUNAFA HUA HAI, GARP, 200EMa momentum 52weekhigh, Modest result + technicals, Long Term Breakout, Volume Rocketing, Breakout Horizon, Turbo Surge, Margin Mavericks, Buoyant Growth, Explosive Growth, Index Outperformance 3 Months, Index Outperformance 1 Year, Margin Expansion, Strong Quarterly Growth, Result Calendar"
BSE:KPL,Kwality Pharmaceuticals Ltd,Pharma - Formulators,2236.07,2155.0,-3.39,7.83,27,"Increasing ebitda margins, Technically Strong , Tod fod Blockbuster results, Monthly check - ATH, Monthly check Industry RS, PAT YOY>> Rev YOY, Early trend picker, Taaza Taaza 52WH, Improving inventory days, Early Stage 2 New, SOIC LTI +ve, MUNAFA HUA HAI, GARP, SIMPLE VALUATION ALL WEATHER, 200EMa momentum 52weekhigh, Modest result + technicals, Volume Rocketing, Turbo Surge, Alpha Leaders, Techno Funda, Explosive Growth, Institutional Influx, Index Outperformance 3 Months, Index Outperformance 1 Year, Industry Outperformance 3 Months, Industry Outperformance 1 Year, Strong Quarterly Growth"
NSE:MTARTECH,MTAR Technologies Ltd,Aerospace & Defence - Equipments,24232.41,7878.0,-0.92,15.68,26,"Stage 2 candidate, Monthly check - ATH, Monthly check Industry RS, PAT YOY>> Rev YOY, Early trend picker, Relative Strength Index + volume, Taaza Taaza 52WH, Early Stage 2 New, Near 52WH with Volume, SOIC LTI +ve, MUNAFA HUA HAI, 200EMa momentum 52weekhigh, Modest result + technicals, Volume Rocketing, Turbo Surge, Alpha Leaders, Buoyant Growth, Explosive Growth, Smart Money Moves, Institutional Influx, Bulk Block Deals, Insider Trading Selling, Index Outperformance 3 Months, Index Outperformance 1 Year, Industry Outperformance 3 Months, Industry Outperformance 1 Year"
NSE:HFCL,HFCL Ltd,Telecom Services,24765.15,161.8,-0.64,17.1,26,"Consistent Earning growth, Consistent Revenue growth, capex capex capex, Monthly check - ATH, Monthly check Industry RS, PAT YOY>> Rev YOY, Early trend picker, Taaza Taaza 52WH, Early Stage 2 New, Weak Index Strong Stocks (Microcap-250), SOIC LTI +ve, Smallcap Heroes, MUNAFA HUA HAI, 200EMa momentum 52weekhigh, Modest result + technicals, Long Term Breakout, Breakout Horizon, Turbo Surge, Buoyant Growth, Explosive Growth, Bulk Block Deals, Index Outperformance 3 Months, Index Outperformance 1 Year, Industry Outperformance 3 Months, Industry Outperformance 1 Year, Margin Expansion"
NSE:SANDHAR,Sandhar Technologies Limited,Auto Ancillaries - 2&3 Wheelers,4160.68,691.25,-2.03,35.15,26,"Stage 2 candidate, Technically Strong , Monthly check - ATH, Monthly check Industry RS, PAT YOY>> Rev YOY, Early trend picker, Early Stage 2, Relative Strength Index + volume, GARP SHANKAR NATH, Golden Crossover Weekly, Golden Crossover Daily, Taaza Taaza 52WH, Early Stage 2 New, Near 52WH with Volume, SOIC LTI +ve, MUNAFA HUA HAI, GARP, 200EMa momentum 52weekhigh, Long Term Breakout, Volume Rocketing, Cyclone, Techno Funda, Buoyant Growth, Index Outperformance 3 Months, Industry Outperformance 3 Months, Strong Quarterly Growth"
NSE:ACUTAAS,Acutaas Chemicals Ltd,Pharma - API & CRAMS,24846.25,3034.8,3.8,5.14,26,"Consistent Revenue growth, Increasing ebitda margins, capex capex capex, Tod fod Blockbuster results, Monthly check - ATH, Monthly check Industry RS, PAT YOY>> Rev YOY, Early trend picker, GARP SHANKAR NATH, Taaza Taaza 52WH, Early Stage 2 New, Weak Index Strong Stocks (Microcap-250), SOIC LTI +ve, Smallcap Heroes, MUNAFA HUA HAI, 200EMa momentum 52weekhigh, Modest result + technicals, Cyclone, Turbo Surge, Alpha Leaders, Explosive Growth, Smart Money Moves, Index Outperformance 3 Months, Index Outperformance 1 Year, Industry Outperformance 1 Year, Margin Expansion"
NSE:IOLCP,IOL Chemicals & Pharmaceuticals Ltd,Pharma - API & CRAMS,3993.74,136.06,9.73,23.56,25,"Stage 2 candidate, Technically Strong , Monthly check Industry RS, Early Stage 2, Relative Strength Index + volume, Golden Crossover Weekly, Taaza Taaza 52WH, Improving inventory days, Early Stage 2 New, Near 52WH with Volume, Weak Index Strong Stocks (Microcap-250), SOIC LTI +ve, MUNAFA HUA HAI, GARP, 200EMa momentum 52weekhigh, Long Term Breakout, Volume Rocketing, Breakout Horizon, Cyclone, Alpha Leaders, Buoyant Growth, Index Outperformance 3 Months, Industry Outperformance 3 Months, Margin Expansion, Strong Quarterly Growth"
NSE:BAJAJCON,Bajaj Consumer Care Ltd,FMCG - Personal Care,7246.7,554.8,-1.25,5.33,25,"Increasing ebitda margins, Technically Strong , Tod fod Blockbuster results, Monthly check - ATH, Monthly check Industry RS, PAT YOY>> Rev YOY, Early trend picker, Debt Reducing, Taaza Taaza 52WH, Early Stage 2 New, Weak Index Strong Stocks (Microcap-250), SOIC LTI +ve, MUNAFA HUA HAI, GARP, 200EMa momentum 52weekhigh, Modest result + technicals, Turbo Surge, Alpha Leaders, Explosive Growth, Institutional Influx, Index Outperformance 3 Months, Index Outperformance 1 Year, Industry Outperformance 3 Months, Industry Outperformance 1 Year, Margin Expansion"
NSE:JNKINDIA,JNK India Ltd,Capital Goods - Engineering Heavy,2112.54,377.55,-0.59,6.68,25,"Consistent Revenue growth, Increasing ebitda margins, Technically Strong , capex capex capex, Tod fod Blockbuster results, PAT YOY>> Rev YOY, Early trend picker, Relative Strength Index + volume, Taaza Taaza 52WH, Improving inventory days, Early Stage 2 New, EMA +RS+ VStop, SOIC LTI +ve, MUNAFA HUA HAI, GARP, 200EMa momentum 52weekhigh, Modest result + technicals, Volume Rocketing, Cyclone, Buoyant Growth, Explosive Growth, Index Outperformance 3 Months, Industry Outperformance 3 Months, Margin Expansion, Strong Quarterly Growth"
NSE:POCL,Pondy Oxides & Chemicals Ltd,Recycling,4253.27,1394.0,-7.53,-8.88,25,"Stage 2 candidate, Technically Strong , Tod fod Blockbuster results, Monthly check Industry RS, PAT YOY>> Rev YOY, Early trend picker, Early Stage 2, Golden Crossover Weekly, Early Stage 2 New, Near 52WH with Volume, SOIC LTI +ve, MUNAFA HUA HAI, GARP, 200EMa momentum 52weekhigh, Modest result + technicals, Cyclone, The Consolidators, Techno Funda, Buoyant Growth, Explosive Growth, Index Outperformance 3 Months, Index Outperformance 1 Year, Industry Outperformance 3 Months, Industry Outperformance 1 Year, Result Calendar"
NSE:SANSERA,Sansera Engineering Ltd,Auto Ancillaries - Diversified,17950.38,2879.8,-0.87,20.17,24,"Stage 2 candidate, Increasing ebitda margins, Monthly check - ATH, Monthly check Industry RS, PAT YOY>> Rev YOY, Early trend picker, Relative Strength Index + volume, Taaza Taaza 52WH, Early Stage 2 New, Near 52WH with Volume, Weak Index Strong Stocks (Microcap-250), SOIC LTI +ve, Weak Index Strong stocks Microcap 250, MUNAFA HUA HAI, 200EMa momentum 52weekhigh, Volume Rocketing, Cyclone, Alpha Leaders, Buoyant Growth, Smart Money Moves, Index Outperformance 3 Months, Index Outperformance 1 Year, Industry Outperformance 1 Year, Post Earnings Announcement Drift (PEAD)"
NSE:NGLFINE,NGL Fine Chem Ltd,Pharma - Animal,1742.08,2819.8,-1.37,23.85,24,"Stage 2 candidate, Technically Strong , Tod fod Blockbuster results, Monthly check - ATH, PAT YOY>> Rev YOY, Early trend picker, Relative Strength Index + volume, Taaza Taaza 52WH, Early Stage 2 New, Near 52WH with Volume, SOIC LTI +ve, MUNAFA HUA HAI, GARP, 200EMa momentum 52weekhigh, Modest result + technicals, Turbo Surge, Techno Funda, Buoyant Growth, Explosive Growth, Index Outperformance 3 Months, Index Outperformance 1 Year, Industry Outperformance 1 Year, Margin Expansion, Strong Quarterly Growth"
NSE:VIYASH,Viyash Scientific Ltd,Pharma - Animal,11243.43,257.36,-1.38,12.52,24,"Stage 2 candidate, PAT YOY>> Rev YOY, Early trend picker, Early Stage 2, Relative Strength Index + volume, Taaza Taaza 52WH, Early Stage 2 New, Near 52WH with Volume, Weak Index Strong Stocks (Microcap-250), SOIC LTI +ve, Weak Index Strong stocks Microcap 250, MUNAFA HUA HAI, SIMPLE VALUATION ALL WEATHER, 200EMa momentum 52weekhigh, Modest result + technicals, Long Term Breakout, Volume Rocketing, Cyclone, Turbo Surge, The Consolidators, Margin Mavericks, Buoyant Growth, Explosive Growth, Margin Expansion"
NSE:OBSCP,OBSC Perfection Ltd,Auto Ancillaries - Diversified,1159.3,448.55,-4.62,21.61,24,"Stage 2 candidate, Consistent Revenue growth, Technically Strong , Tod fod Blockbuster results, Monthly check - ATH, Monthly check Industry RS, Early trend picker, Relative Strength Index + volume, Taaza Taaza 52WH, Early Stage 2 New, Near 52WH with Volume, SOIC LTI +ve, MUNAFA HUA HAI, GARP, 200EMa momentum 52weekhigh, Modest result + technicals, Techno Funda, Buoyant Growth, Index Outperformance 3 Months, Index Outperformance 1 Year, Industry Outperformance 3 Months, Industry Outperformance 1 Year, Strong Quarterly Growth, Post Earnings Announcement Drift (PEAD)"
NSE:YASHO,Yasho Industries Ltd,Speciality Chemicals,2712.61,2249.8,6.59,23.7,24,"Stage 2 candidate, Monthly check Industry RS, PAT YOY>> Rev YOY, Early trend picker, Early Stage 2, Relative Strength Index + volume, Golden Crossover Weekly, Golden Crossover Daily, Taaza Taaza 52WH, Early Stage 2 New, Near 52WH with Volume, Weak Index Strong Stocks (Microcap-250), SOIC LTI +ve, MUNAFA HUA HAI, 200EMa momentum 52weekhigh, Modest result + technicals, Long Term Breakout, Volume Rocketing, Monthly Trend Twist, Breakout Horizon, Margin Mavericks, Buoyant Growth, Index Outperformance 3 Months, Industry Outperformance 3 Months"
NSE:VMARCIND,V-Marc India Ltd,Cables - Power,2790.43,1142.65,-1.01,9.29,24,"Stage 2 candidate, Consistent Revenue growth, Technically Strong , Monthly check - ATH, Monthly check Industry RS, PAT YOY>> Rev YOY, Early trend picker, Taaza Taaza 52WH, Early Stage 2 New, Near 52WH with Volume, SOIC LTI +ve, MUNAFA HUA HAI, GARP, 200EMa momentum 52weekhigh, Modest result + technicals, Cyclone, Turbo Surge, Alpha Leaders, Buoyant Growth, Index Outperformance 3 Months, Index Outperformance 1 Year, Industry Outperformance 3 Months, Industry Outperformance 1 Year, Strong Quarterly Growth"
NSE:MARKSANS,Marksans Pharma Ltd,Pharma - Formulators,11546.16,254.79,15.68,17.25,24,"Increasing ebitda margins, Monthly check Industry RS, PAT YOY>> Rev YOY, Early trend picker, Early Stage 2, Relative Strength Index + volume, Debt Reducing, Golden Crossover Weekly, Golden Crossover Daily, Early Stage 2 New, Near 52WH with Volume, EMA +RS+ VStop, SOIC LTI +ve, MUNAFA HUA HAI, GARP, 200EMa momentum 52weekhigh, Long Term Breakout, Volume Rocketing, Monthly Trend Twist, Cyclone, Buoyant Growth, Institutional Influx, Index Outperformance 3 Months, Margin Expansion"
NSE:KRISHANA,Krishana Phoschem Ltd,Fertilisers,4071.56,672.4,0.83,-1.36,24,"Stage 2 candidate, Technically Strong , Monthly check - ATH, PAT YOY>> Rev YOY, Early trend picker, GARP SHANKAR NATH, Taaza Taaza 52WH, Early Stage 2 New, Near 52WH with Volume, SOIC LTI +ve, MUNAFA HUA HAI, GARP, 200EMa momentum 52weekhigh, Modest result + technicals, Cyclone, Turbo Surge, Alpha Leaders, Techno Funda, Buoyant Growth, Index Outperformance 3 Months, Index Outperformance 1 Year, Industry Outperformance 3 Months, Industry Outperformance 1 Year, Strong Quarterly Growth"
NSE:DIACABS,Diamond Power Infrastructure Ltd,Cables - Power,10889.86,206.65,5.12,8.63,24,"Stage 2 candidate, Consistent Earning growth, Monthly check - ATH, PAT YOY>> Rev YOY, Early trend picker, Early Stage 2, Relative Strength Index + volume, Taaza Taaza 52WH, Early Stage 2 New, Near 52WH with Volume, Weak Index Strong Stocks (Microcap-250), SOIC LTI +ve, Weak Index Strong stocks Microcap 250, MUNAFA HUA HAI, 200EMa momentum 52weekhigh, Modest result + technicals, Cyclone, Turbo Surge, Alpha Leaders, Buoyant Growth, Explosive Growth, Index Outperformance 3 Months, Index Outperformance 1 Year, Margin Expansion"
NSE:VEDL,Vedanta Ltd,Mining/Minerals,134869.28,344.9,3.73,2.15,24,"Stage 2 candidate, Increasing ebitda margins, Technically Strong , Tod fod Blockbuster results, Monthly check - ATH, Monthly check Industry RS, PAT YOY>> Rev YOY, Early trend picker, Debt Reducing, Taaza Taaza 52WH, Early Stage 2 New, Near 52WH with Volume, Weak Index Strong Stocks (Microcap-250), SOIC LTI +ve, MUNAFA HUA HAI, GARP, 200EMa momentum 52weekhigh, Modest result + technicals, Alpha Leaders, Techno Funda, Buoyant Growth, Index Outperformance 3 Months, Index Outperformance 1 Year, Strong Quarterly Growth"
NSE:RRKABEL,R R Kabel Ltd,Cables - Power,22365.48,1977.4,-0.59,3.05,24,"Stage 2 candidate, Technically Strong , capex capex capex, Monthly check - ATH, Monthly check Industry RS, Debt Reducing, GARP SHANKAR NATH, Taaza Taaza 52WH, Early Stage 2 New, Near 52WH with Volume, Weak Index Strong Stocks (Microcap-250), SOIC LTI +ve, Smallcap Heroes, MUNAFA HUA HAI, GARP, 200EMa momentum 52weekhigh, Modest result + technicals, Cyclone, Turbo Surge, Techno Funda, Buoyant Growth, Explosive Growth, Index Outperformance 3 Months, Strong Quarterly Growth"
NSE:SEAMECLTD,SEAMEC Ltd,Shipping,4055.8,1595.2,-2.24,2.15,24,"Stage 2 candidate, Technically Strong , Tod fod Blockbuster results, Monthly check - ATH, PAT YOY>> Rev YOY, Early trend picker, Taaza Taaza 52WH, Early Stage 2 New, Near 52WH with Volume, SOIC LTI +ve, MUNAFA HUA HAI, GARP, SIMPLE VALUATION ALL WEATHER, 200EMa momentum 52weekhigh, Modest result + technicals, Long Term Breakout, Volume Rocketing, Turbo Surge, Techno Funda, Buoyant Growth, Explosive Growth, Index Outperformance 3 Months, Index Outperformance 1 Year, Strong Quarterly Growth"
NSE:GLAND,Gland Pharma Ltd,Pharma - API & CRAMS,38024.13,2307.9,-1.11,2.52,24,"Stage 2 candidate, Technically Strong , Monthly check Industry RS, PAT YOY>> Rev YOY, Early trend picker, Early Stage 2, Golden Crossover Weekly, Golden Crossover Daily, Taaza Taaza 52WH, Early Stage 2 New, Near 52WH with Volume, Weak Index Strong Stocks (Microcap-250), SOIC LTI +ve, Smallcap Heroes, MUNAFA HUA HAI, GARP, 200EMa momentum 52weekhigh, Long Term Breakout, Volume Rocketing, Buoyant Growth, Smart Money Moves, Index Outperformance 3 Months, Margin Expansion, Strong Quarterly Growth"
NSE:BLISSGVS,Bliss GVS Pharma Ltd,Pharma - Formulators,4031.09,381.05,20.0,34.74,24,"Technically Strong , Monthly check - ATH, Monthly check Industry RS, PAT YOY>> Rev YOY, Early trend picker, Relative Strength Index + volume, Debt Reducing, Taaza Taaza 52WH, Early Stage 2 New, Weak Index Strong Stocks (Microcap-250), SOIC LTI +ve, MUNAFA HUA HAI, GARP, 200EMa momentum 52weekhigh, Volume Rocketing, Alpha Leaders, Techno Funda, Buoyant Growth, Insider Trading Selling, Index Outperformance 3 Months, Index Outperformance 1 Year, Industry Outperformance 3 Months, Industry Outperformance 1 Year, Margin Expansion"
NSE:MAYURUNIQ,Mayur Uniquoters Ltd,Plastics - Plastic & Plastic Products,3243.95,746.55,-0.17,20.53,23,"Stage 2 candidate, Increasing ebitda margins, Technically Strong , Monthly check - ATH, Monthly check Industry RS, Early Stage 2, Relative Strength Index + volume, Debt Reducing, Driving Deleverage, Taaza Taaza 52WH, Early Stage 2 New, Near 52WH with Volume, Weak Index Strong Stocks (Microcap-250), SOIC LTI +ve, 200EMa momentum 52weekhigh, Volume Rocketing, Monthly Trend Twist, Techno Funda, Driving Deleverage, Bulk Block Deals, Index Outperformance 3 Months, Industry Outperformance 3 Months, Post Earnings Announcement Drift (PEAD)"
NSE:RPTECH,Rashi Peripherals Ltd,Trading,3506.52,532.1,-2.8,-2.05,23,"Technically Strong , Tod fod Blockbuster results, Monthly check - ATH, Monthly check Industry RS, PAT YOY>> Rev YOY, Early trend picker, Driving Deleverage, Taaza Taaza 52WH, Early Stage 2 New, Weak Index Strong Stocks (Microcap-250), SOIC LTI +ve, MUNAFA HUA HAI, GARP, SIMPLE VALUATION ALL WEATHER, 200EMa momentum 52weekhigh, Modest result + technicals, Techno Funda, Driving Deleverage, Buoyant Growth, Index Outperformance 3 Months, Index Outperformance 1 Year, Industry Outperformance 3 Months, Strong Quarterly Growth"
NSE:ANGELONE,Angel One Ltd,Finance - Capital Markets - Brokers,31413.8,344.45,-0.58,5.02,23,"Stage 2 candidate, Increasing ebitda margins, Technically Strong , Monthly check Industry RS, PAT YOY>> Rev YOY, Early trend picker, Taaza Taaza 52WH, Early Stage 2 New, Near 52WH with Volume, Weak Index Strong Stocks (Microcap-250), SOIC LTI +ve, Smallcap Heroes, MUNAFA HUA HAI, GARP, 200EMa momentum 52weekhigh, Modest result + technicals, Long Term Breakout, Monthly Trend Twist, Breakout Horizon, Cyclone, Index Outperformance 3 Months, Industry Outperformance 3 Months, Margin Expansion"
NSE:SHILPAMED,Shilpa Medicare Ltd,Pharma - API & CRAMS,9873.95,504.85,-1.43,6.86,23,"Stage 2 candidate, Technically Strong , Monthly check Industry RS, PAT YOY>> Rev YOY, Early trend picker, Relative Strength Index + volume, Taaza Taaza 52WH, Early Stage 2 New, Near 52WH with Volume, Weak Index Strong Stocks (Microcap-250), SOIC LTI +ve, Weak Index Strong stocks Microcap 250, MUNAFA HUA HAI, GARP, 200EMa momentum 52weekhigh, Modest result + technicals, Long Term Breakout, Volume Rocketing, Monthly Trend Twist, Techno Funda, Buoyant Growth, Index Outperformance 3 Months, Industry Outperformance 3 Months"
NSE:NRBBEARING,NRB Bearings Ltd,Bearings,3727.64,384.6,-0.4,7.82,23,"Stage 2 candidate, Technically Strong , Monthly check - ATH, Monthly check Industry RS, Relative Strength Index + volume, Debt Reducing, Golden Crossover Weekly, Taaza Taaza 52WH, Improving inventory days, Early Stage 2 New, Near 52WH with Volume, Weak Index Strong Stocks (Microcap-250), SOIC LTI +ve, MUNAFA HUA HAI, 200EMa momentum 52weekhigh, Long Term Breakout, Monthly Trend Twist, Breakout Horizon, Cyclone, Bulk Block Deals, Insider Trading Selling, Index Outperformance 3 Months, Industry Outperformance 3 Months"
NSE:SATIN,Satin Creditcare Network Ltd,Finance & Investments - Microfinance,2462.51,222.91,3.08,0.27,23,"Consistent Earning growth, Increasing ebitda margins, Technically Strong , Monthly check Industry RS, PAT YOY>> Rev YOY, Early trend picker, GARP SHANKAR NATH, GARP SHankar Nath youtube stock scans, Taaza Taaza 52WH, Early Stage 2 New, SOIC LTI +ve, MUNAFA HUA HAI, GARP, 200EMa momentum 52weekhigh, Modest result + technicals, Long Term Breakout, Monthly Trend Twist, Turbo Surge, Techno Funda, Bulk Block Deals, Index Outperformance 3 Months, Industry Outperformance 3 Months, Margin Expansion"
NSE:AVALON,Avalon Technologies Ltd,Consumer Electronics - EMS,9756.54,1461.3,-3.3,7.71,23,"Stage 2 candidate, Increasing ebitda margins, Monthly check - ATH, Monthly check Industry RS, PAT YOY>> Rev YOY, Early trend picker, Relative Strength Index + volume, Taaza Taaza 52WH, Improving inventory days, Early Stage 2 New, Near 52WH with Volume, SOIC LTI +ve, MUNAFA HUA HAI, 200EMa momentum 52weekhigh, Modest result + technicals, Alpha Leaders, Buoyant Growth, Explosive Growth, Smart Money Moves, Index Outperformance 3 Months, Index Outperformance 1 Year, Industry Outperformance 3 Months, Industry Outperformance 1 Year"
BSE:NITTAGELA,Nitta Gelatin India Ltd,Chemicals - Organic,1516.22,1670.0,5.67,27.05,23,"Technically Strong , Tod fod Blockbuster results, Monthly check - ATH, Monthly check Industry RS, PAT YOY>> Rev YOY, Early trend picker, Relative Strength Index + volume, Debt Reducing, Taaza Taaza 52WH, Improving inventory days, Early Stage 2 New, Weak Index Strong Stocks (Microcap-250), SOIC LTI +ve, MUNAFA HUA HAI, GARP, 200EMa momentum 52weekhigh, Buoyant Growth, Index Outperformance 3 Months, Index Outperformance 1 Year, Industry Outperformance 3 Months, Industry Outperformance 1 Year, Margin Expansion, Strong Quarterly Growth"
NSE:GVT&D,GE Vernova T&D India Ltd,Electrical Equipments/HVDC,124139.04,4848.3,1.54,10.56,22,"Tod fod Blockbuster results, Monthly check - ATH, PAT YOY>> Rev YOY, Early trend picker, Relative Strength Index + volume, Debt Reducing, Taaza Taaza 52WH, Early Stage 2 New, Weak Index Strong Stocks (Microcap-250), SOIC LTI +ve, MUNAFA HUA HAI, 200EMa momentum 52weekhigh, Modest result + technicals, Turbo Surge, Alpha Leaders, Margin Mavericks, Buoyant Growth, Explosive Growth, Smart Money Moves, Index Outperformance 3 Months, Index Outperformance 1 Year, Margin Expansion"
NSE:DHANBANK,Dhanlaxmi Bank Ltd,Banks - Private,1306.45,33.1,-1.19,-0.24,22,"Stage 2 candidate, Technically Strong , Tod fod Blockbuster results, Monthly check Industry RS, PAT YOY>> Rev YOY, Early trend picker, Golden Crossover Weekly, Driving Deleverage, Taaza Taaza 52WH, Early Stage 2 New, Near 52WH with Volume, SOIC LTI +ve, MUNAFA HUA HAI, GARP, 200EMa momentum 52weekhigh, Turbo Surge, Techno Funda, Driving Deleverage, Buoyant Growth, Explosive Growth, Index Outperformance 3 Months, Industry Outperformance 3 Months"
NSE:REDTAPE,Redtape Ltd,Footwear,8208.64,148.49,11.5,15.66,22,"Stage 2 candidate, PAT YOY>> Rev YOY, Early trend picker, Early Stage 2, Relative Strength Index + volume, Golden Crossover Weekly, Early Stage 2 New, Near 52WH with Volume, EMA +RS+ VStop, SOIC LTI +ve, MUNAFA HUA HAI, GARP, 200EMa momentum 52weekhigh, Modest result + technicals, Short Term Breakout, Volume Rocketing, Cyclone, Buoyant Growth, Index Outperformance 3 Months, Margin Expansion, Strong Quarterly Growth, Result Calendar"
NSE:HONASA,Honasa Consumer Ltd,New age - Platform - E-Retail,12884.64,396.0,1.21,11.71,22,"Stage 2 candidate, Increasing ebitda margins, Monthly check Industry RS, PAT YOY>> Rev YOY, Early trend picker, Relative Strength Index + volume, Debt Reducing, Taaza Taaza 52WH, Early Stage 2 New, Near 52WH with Volume, Weak Index Strong Stocks (Microcap-250), SOIC LTI +ve, Smallcap Heroes, MUNAFA HUA HAI, SIMPLE VALUATION ALL WEATHER, 200EMa momentum 52weekhigh, Long Term Breakout, Volume Rocketing, Buoyant Growth, Bulk Block Deals, Index Outperformance 3 Months, Margin Expansion"
BSE:ROBU,Macfos Ltd,E-Commerce - Platform - Utility,1187.08,1146.0,1.31,5.2,22,"Consistent Revenue growth, Technically Strong , Tod fod Blockbuster results, Monthly check Industry RS, PAT YOY>> Rev YOY, Early trend picker, Taaza Taaza 52WH, Early Stage 2 New, Weak Index Strong Stocks (Microcap-250), SOIC LTI +ve, MUNAFA HUA HAI, GARP, 200EMa momentum 52weekhigh, Modest result + technicals, Long Term Breakout, Breakout Horizon, Turbo Surge, Index Outperformance 3 Months, Industry Outperformance 3 Months, Industry Outperformance 1 Year, Margin Expansion, Strong Quarterly Growth"
BSE:RPEL,Raghav Productivity Enhancers Ltd,Steel Products,4339.62,945.0,-0.51,3.17,22,"Stage 2 candidate, Increasing ebitda margins, Monthly check Industry RS, PAT YOY>> Rev YOY, Early trend picker, Early Stage 2, Golden Crossover Weekly, Golden Crossover Daily, Early Stage 2 New, Near 52WH with Volume, SOIC LTI +ve, MUNAFA HUA HAI, 200EMa momentum 52weekhigh, Modest result + technicals, Volume Rocketing, Monthly Trend Twist, Cyclone, The Consolidators, Margin Mavericks, Buoyant Growth, Bulk Block Deals, Index Outperformance 3 Months"
NSE:GESHIP,Great Eastern Shipping Company Ltd,Shipping,23566.58,1650.7,0.13,-3.8,22,"Stage 2 candidate, Consistent Earning growth, Technically Strong , Tod fod Blockbuster results, Monthly check - ATH, PAT YOY>> Rev YOY, Early trend picker, Debt Reducing, Taaza Taaza 52WH, Early Stage 2 New, Near 52WH with Volume, SOIC LTI +ve, MUNAFA HUA HAI, GARP, 200EMa momentum 52weekhigh, Volume Rocketing, Alpha Leaders, Buoyant Growth, Bulk Block Deals, Index Outperformance 3 Months, Index Outperformance 1 Year, Margin Expansion"
NSE:LLOYDSME,Lloyds Metals & Energy Ltd,Mining/Minerals - Iron Ore,104323.47,1853.7,2.9,11.37,22,"Consistent Revenue growth, Technically Strong , capex capex capex, Monthly check - ATH, PAT YOY>> Rev YOY, Early trend picker, GARP SHANKAR NATH, Taaza Taaza 52WH, Early Stage 2 New, Weak Index Strong Stocks (Microcap-250), SOIC LTI +ve, MUNAFA HUA HAI, GARP, 200EMa momentum 52weekhigh, Modest result + technicals, Turbo Surge, Alpha Leaders, Techno Funda, Index Outperformance 3 Months, Industry Outperformance 3 Months, Margin Expansion, Strong Quarterly Growth"
NSE:SIGMAADV,Sigma Advanced System Ltd,Aerospace & Defence - Equipments,6791.4,385.35,5.0,27.6,22,"Consistent Revenue growth, Technically Strong , Monthly check - ATH, Monthly check Industry RS, Driving Deleverage, Taaza Taaza 52WH, Early Stage 2 New, Weak Index Strong Stocks (Microcap-250), SOIC LTI +ve, 200EMa momentum 52weekhigh, Cyclone, Turbo Surge, Alpha Leaders, Techno Funda, Driving Deleverage, Explosive Growth, Index Outperformance 3 Months, Index Outperformance 1 Year, Industry Outperformance 3 Months, Industry Outperformance 1 Year, Result Calendar, Post Earnings Announcement Drift (PEAD)"
NSE:V2RETAIL,V2 Retail Ltd,Textiles - Readymade Apparel,8692.23,238.38,-0.16,5.46,22,"Stage 2 candidate, Consistent Revenue growth, capex capex capex, Tod fod Blockbuster results, Monthly check Industry RS, Debt Reducing, GARP SHANKAR NATH, Golden Crossover Weekly, Improving inventory days, Early Stage 2 New, Near 52WH with Volume, SOIC LTI +ve, MUNAFA HUA HAI, 200EMa momentum 52weekhigh, Short Term Breakout, Cyclone, The Consolidators, Margin Mavericks, Buoyant Growth, Explosive Growth, Index Outperformance 3 Months, Result Calendar"
NSE:BALAMINES,Balaji Amines Ltd,Chemicals - Organic,6070.0,1873.4,-2.47,9.63,21,"Stage 2 candidate, Technically Strong , Monthly check Industry RS, Early Stage 2, Golden Crossover Weekly, Golden Crossover Daily, Taaza Taaza 52WH, Early Stage 2 New, Near 52WH with Volume, Weak Index Strong Stocks (Microcap-250), SOIC LTI +ve, Weak Index Strong stocks Microcap 250, MUNAFA HUA HAI, 200EMa momentum 52weekhigh, Long Term Breakout, Volume Rocketing, Monthly Trend Twist, Cyclone, Index Outperformance 3 Months, Industry Outperformance 3 Months, Margin Expansion"
NSE:INDOBORAX,Indo Borax & Chemicals Ltd,Chemicals - Inorganic,1067.79,332.75,-0.27,20.13,21,"Stage 2 candidate, Technically Strong , Monthly check - ATH, Monthly check Industry RS, PAT YOY>> Rev YOY, Early trend picker, Relative Strength Index + volume, Taaza Taaza 52WH, Early Stage 2 New, Near 52WH with Volume, Weak Index Strong Stocks (Microcap-250), SOIC LTI +ve, MUNAFA HUA HAI, GARP, 200EMa momentum 52weekhigh, Buoyant Growth, Institutional Influx, Index Outperformance 3 Months, Index Outperformance 1 Year, Industry Outperformance 3 Months, Industry Outperformance 1 Year"
NSE:RAIN,Rain Industries Ltd,Cement,5793.89,172.26,-3.75,12.21,21,"Technically Strong , Monthly check Industry RS, Relative Strength Index + volume, Golden Crossover Weekly, Driving Deleverage, Golden Crossover Daily, Taaza Taaza 52WH, Early Stage 2 New, SOIC LTI +ve, MUNAFA HUA HAI, GARP, 200EMa momentum 52weekhigh, Long Term Breakout, Monthly Trend Twist, Cyclone, Techno Funda, Driving Deleverage, Buoyant Growth, Bulk Block Deals, Industry Outperformance 3 Months, Margin Expansion"
NSE:CUPID,Cupid Ltd,Contraceptives/Protectives,17190.14,127.84,2.53,11.81,21,"Consistent Earning growth, Consistent Revenue growth, Tod fod Blockbuster results, Monthly check - ATH, Monthly check Industry RS, PAT YOY>> Rev YOY, Early trend picker, Early Stage 2 New, Weak Index Strong Stocks (Microcap-250), SOIC LTI +ve, Weak Index Strong stocks Microcap 250, MUNAFA HUA HAI, 200EMa momentum 52weekhigh, Modest result + technicals, Cyclone, Turbo Surge, Alpha Leaders, Explosive Growth, Index Outperformance 3 Months, Index Outperformance 1 Year, Margin Expansion"
NSE:SAKAR,Sakar Healthcare Ltd,Hospitals,1749.73,786.4,-1.82,2.56,21,"Stage 2 candidate, Monthly check - ATH, Monthly check Industry RS, PAT YOY>> Rev YOY, Early trend picker, Debt Reducing, Taaza Taaza 52WH, Early Stage 2 New, Near 52WH with Volume, SOIC LTI +ve, MUNAFA HUA HAI, 200EMa momentum 52weekhigh, Modest result + technicals, Turbo Surge, Margin Mavericks, Buoyant Growth, Explosive Growth, Index Outperformance 3 Months, Index Outperformance 1 Year, Industry Outperformance 3 Months, Industry Outperformance 1 Year"
BSE:BMW,BMW Industries Ltd,Steel Products,1207.59,53.65,-3.37,-1.31,21,"Tod fod Blockbuster results, Monthly check Industry RS, PAT YOY>> Rev YOY, Early trend picker, Golden Crossover Weekly, Golden Crossover Daily, Improving inventory days, Early Stage 2 New, Near 52WH with Volume, SOIC LTI +ve, MUNAFA HUA HAI, GARP, 200EMa momentum 52weekhigh, Modest result + technicals, Long Term Breakout, Monthly Trend Twist, Buoyant Growth, Index Outperformance 3 Months, Industry Outperformance 3 Months, Margin Expansion, Strong Quarterly Growth"
NSE:POWERINDIA,Hitachi Energy India Ltd,Electrical Equipments/HVDC,160438.22,35995.0,1.01,7.9,21,"Consistent Revenue growth, Monthly check - ATH, Monthly check Industry RS, PAT YOY>> Rev YOY, Early trend picker, Debt Reducing, Taaza Taaza 52WH, Early Stage 2 New, Weak Index Strong Stocks (Microcap-250), SOIC LTI +ve, MUNAFA HUA HAI, 200EMa momentum 52weekhigh, Modest result + technicals, Turbo Surge, Alpha Leaders, Margin Mavericks, Buoyant Growth, Explosive Growth, Index Outperformance 3 Months, Index Outperformance 1 Year, Result Calendar"
NSE:THANGAMAYL,Thangamayil Jewellery Ltd,"Diamond, Gems & Jewellery",11827.33,3805.2,-0.5,4.16,21,"Consistent Earning growth, Increasing ebitda margins, Tod fod Blockbuster results, PAT YOY>> Rev YOY, Early trend picker, GARP SHANKAR NATH, Early Stage 2 New, SOIC LTI +ve, MUNAFA HUA HAI, GARP, SIMPLE VALUATION ALL WEATHER, 200EMa momentum 52weekhigh, Modest result + technicals, The Consolidators, Techno Funda, Buoyant Growth, Explosive Growth, Index Outperformance 1 Year, Industry Outperformance 1 Year, Margin Expansion, Strong Quarterly Growth"
NSE:ASTRAMICRO,Astra Microwave Products Ltd,Aerospace & Defence - Equipments,12884.04,1357.0,9.83,24.19,21,"Stage 2 candidate, Increasing ebitda margins, Monthly check - ATH, Early Stage 2, Relative Strength Index + volume, Taaza Taaza 52WH, Early Stage 2 New, Near 52WH with Volume, Weak Index Strong Stocks (Microcap-250), SOIC LTI +ve, Weak Index Strong stocks Microcap 250, MUNAFA HUA HAI, 200EMa momentum 52weekhigh, Volume Rocketing, Cyclone, Alpha Leaders, Buoyant Growth, Smart Money Moves, Bulk Block Deals, Index Outperformance 3 Months, Result Calendar"
NSE:MCX,Multi Commodity Exchange of India Ltd,Exchanges,84333.45,3307.3,-0.2,-3.15,21,"Increasing ebitda margins, Tod fod Blockbuster results, Monthly check - ATH, PAT YOY>> Rev YOY, Early trend picker, Debt Reducing, GARP SHANKAR NATH, Taaza Taaza 52WH, Early Stage 2 New, Weak Index Strong Stocks (Microcap-250), SOIC LTI +ve, MUNAFA HUA HAI, 200EMa momentum 52weekhigh, Modest result + technicals, Turbo Surge, Alpha Leaders, Explosive Growth, Index Outperformance 3 Months, Index Outperformance 1 Year, Industry Outperformance 1 Year, Margin Expansion"
NSE:MINDACORP,Minda Corporation Ltd,Auto Ancillaries - Diversified,14224.03,594.95,1.64,14.37,21,"Stage 2 candidate, Increasing ebitda margins, Tod fod Blockbuster results, PAT YOY>> Rev YOY, Early trend picker, Early Stage 2, Relative Strength Index + volume, Golden Crossover Weekly, Near 52WH with Volume, Weak Index Strong Stocks (Microcap-250), SOIC LTI +ve, Smallcap Heroes, MUNAFA HUA HAI, GARP, 200EMa momentum 52weekhigh, Short Term Breakout, Volume Rocketing, Cyclone, Margin Mavericks, Buoyant Growth, Strong Quarterly Growth"
NSE:IDEAFORGE,Ideaforge Technology Ltd,Aerospace & Defence - Equipments,3711.38,855.4,5.0,10.11,21,"capex capex capex, Monthly check Industry RS, Early trend picker, Golden Crossover Weekly, Taaza Taaza 52WH, Early Stage 2 New, Weak Index Strong Stocks (Microcap-250), SOIC LTI +ve, MUNAFA HUA HAI, 200EMa momentum 52weekhigh, Modest result + technicals, Long Term Breakout, Cyclone, Turbo Surge, Alpha Leaders, Explosive Growth, Bulk Block Deals, Index Outperformance 3 Months, Index Outperformance 1 Year, Industry Outperformance 3 Months, Margin Expansion"
NSE:PREMEXPLN,Premier Explosives Ltd,Industrial Explosives,3900.64,725.55,1.53,38.27,21,"Stage 2 candidate, Monthly check Industry RS, Early Stage 2, Relative Strength Index + volume, Debt Reducing, Golden Crossover Weekly, Golden Crossover Daily, Taaza Taaza 52WH, Improving inventory days, Early Stage 2 New, Near 52WH with Volume, SOIC LTI +ve, Strugglers, 200EMa momentum 52weekhigh, Long Term Breakout, Volume Rocketing, Monthly Trend Twist, Cyclone, Bulk Block Deals, Index Outperformance 3 Months, Result Calendar"
NSE:BSE,BSE Ltd,Exchanges,179346.0,4403.3,2.61,5.07,21,"Consistent Revenue growth, Tod fod Blockbuster results, Monthly check - ATH, Monthly check Industry RS, Early trend picker, GARP SHANKAR NATH, Taaza Taaza 52WH, Early Stage 2 New, Weak Index Strong Stocks (Microcap-250), SOIC LTI +ve, MUNAFA HUA HAI, 200EMa momentum 52weekhigh, Modest result + technicals, Turbo Surge, Alpha Leaders, Explosive Growth, Smart Money Moves, Institutional Influx, Index Outperformance 3 Months, Index Outperformance 1 Year, Industry Outperformance 3 Months"
NSE:CEMPRO,Cemindia Projects Ltd,Infra - Construction & Contracting,16204.72,943.3,7.2,8.64,21,"Increasing ebitda margins, Technically Strong , Monthly check - ATH, Monthly check Industry RS, GARP SHANKAR NATH, Golden Crossover Weekly, Improving inventory days, Early Stage 2 New, Weak Index Strong Stocks (Microcap-250), SOIC LTI +ve, Smallcap Heroes, MUNAFA HUA HAI, GARP, 200EMa momentum 52weekhigh, Cyclone, The Consolidators, Techno Funda, Bulk Block Deals, Index Outperformance 3 Months, Industry Outperformance 3 Months, Strong Quarterly Growth"
NSE:KIRLPNU,Kirloskar Pneumatic Company Ltd,Compressors,10796.05,1662.0,0.13,5.09,21,"Increasing ebitda margins, Technically Strong , Monthly check Industry RS, PAT YOY>> Rev YOY, Early trend picker, Taaza Taaza 52WH, Early Stage 2 New, Weak Index Strong Stocks (Microcap-250), SOIC LTI +ve, Weak Index Strong stocks Microcap 250, MUNAFA HUA HAI, GARP, 200EMa momentum 52weekhigh, Long Term Breakout, Breakout Horizon, Cyclone, Alpha Leaders, Insider Trading Selling, Index Outperformance 3 Months, Industry Outperformance 3 Months, Margin Expansion"
NSE:GVPIL,GE Power India Ltd,Infra - General,5362.06,797.6,3.8,26.05,21,"Increasing ebitda margins, Technically Strong , Monthly check Industry RS, Debt Reducing, Driving Deleverage, Taaza Taaza 52WH, Improving inventory days, Early Stage 2 New, Weak Index Strong Stocks (Microcap-250), SOIC LTI +ve, 200EMa momentum 52weekhigh, Long Term Breakout, Turbo Surge, Alpha Leaders, Driving Deleverage, Margin Mavericks, Index Outperformance 3 Months, Index Outperformance 1 Year, Industry Outperformance 3 Months, Industry Outperformance 1 Year, Margin Expansion"
NSE:SKIPPER,Skipper Ltd,Electrical Equipments/HVDC,5668.32,501.9,4.49,7.54,21,"capex capex capex, Tod fod Blockbuster results, PAT YOY>> Rev YOY, Early trend picker, GARP SHANKAR NATH, Golden Crossover Weekly, Golden Crossover Daily, Improving inventory days, Early Stage 2 New, SOIC LTI +ve, MUNAFA HUA HAI, GARP, SIMPLE VALUATION ALL WEATHER, 200EMa momentum 52weekhigh, Short Term Breakout, Cyclone, Turbo Surge, The Consolidators, Buoyant Growth, Index Outperformance 3 Months, Strong Quarterly Growth"
NSE:STLTECH,Sterlite Technologies Ltd,Cables - Telecom,23740.33,486.35,5.0,21.31,20,"Monthly check - ATH, Monthly check Industry RS, PAT YOY>> Rev YOY, Early trend picker, Debt Reducing, Taaza Taaza 52WH, Early Stage 2 New, Weak Index Strong Stocks (Microcap-250), SOIC LTI +ve, Weak Index Strong stocks Microcap 250, MUNAFA HUA HAI, 200EMa momentum 52weekhigh, Modest result + technicals, Alpha Leaders, Smart Money Moves, Insider Trading Buying, Index Outperformance 3 Months, Index Outperformance 1 Year, Industry Outperformance 3 Months, Industry Outperformance 1 Year"
BSE:ONIXSOLAR,Onix Solar Energy Ltd,Trading,2724.72,739.05,,-2.0,20,"Technically Strong , Tod fod Blockbuster results, Monthly check - ATH, PAT YOY>> Rev YOY, Early trend picker, Taaza Taaza 52WH, MUNAFA HUA HAI, GARP, 200EMa momentum 52weekhigh, Modest result + technicals, Turbo Surge, Alpha Leaders, Techno Funda, Explosive Growth, Index Outperformance 3 Months, Index Outperformance 1 Year, Industry Outperformance 3 Months, Industry Outperformance 1 Year, Margin Expansion, Strong Quarterly Growth"
NSE:JAYBARMARU,Jay Bharat Maruti Ltd,Auto Ancillaries - Diversified,1253.21,115.77,-4.24,34.52,20,"Stage 2 candidate, Technically Strong , Tod fod Blockbuster results, Monthly check Industry RS, PAT YOY>> Rev YOY, Early trend picker, Early Stage 2, Relative Strength Index + volume, GARP SHankar Nath youtube stock scans, Taaza Taaza 52WH, Near 52WH with Volume, SOIC LTI +ve, MUNAFA HUA HAI, GARP, 200EMa momentum 52weekhigh, Long Term Breakout, Techno Funda, Buoyant Growth, Margin Expansion, Strong Quarterly Growth"
NSE:SIS,SIS Ltd,Facility Management,5629.2,398.4,2.25,-1.45,20,"Increasing ebitda margins, Technically Strong , Tod fod Blockbuster results, PAT YOY>> Rev YOY, Early trend picker, Golden Crossover Weekly, Taaza Taaza 52WH, Early Stage 2 New, Weak Index Strong Stocks (Microcap-250), SOIC LTI +ve, MUNAFA HUA HAI, GARP, 200EMa momentum 52weekhigh, Modest result + technicals, Monthly Trend Twist, Cyclone, Turbo Surge, Explosive Growth, Index Outperformance 3 Months, Strong Quarterly Growth"
NSE:UNIVCABLES,Universal Cables Ltd,Cables - Power,4090.76,1179.05,1.13,18.44,20,"Stage 2 candidate, Technically Strong , capex capex capex, Monthly check - ATH, Monthly check Industry RS, Relative Strength Index + volume, Taaza Taaza 52WH, Early Stage 2 New, Near 52WH with Volume, Weak Index Strong Stocks (Microcap-250), SOIC LTI +ve, 200EMa momentum 52weekhigh, Cyclone, Turbo Surge, Alpha Leaders, Explosive Growth, Index Outperformance 3 Months, Index Outperformance 1 Year, Industry Outperformance 3 Months, Post Earnings Announcement Drift (PEAD)"
NSE:SANGHVIMOV,Sanghvi Movers Ltd,Capital Goods - EPC/Cranes,3303.31,381.55,0.78,19.09,20,"Stage 2 candidate, capex capex capex, Monthly check Industry RS, Early Stage 2, Relative Strength Index + volume, Golden Crossover Weekly, Near 52WH with Volume, SOIC LTI +ve, MUNAFA HUA HAI, GARP, 200EMa momentum 52weekhigh, Modest result + technicals, Short Term Breakout, Volume Rocketing, Cyclone, Techno Funda, Buoyant Growth, Index Outperformance 3 Months, Industry Outperformance 3 Months, Post Earnings Announcement Drift (PEAD)"
NSE:IBULLSLTD,Indiabulls Limited,Diversified,4674.33,20.11,0.75,14.52,20,"Technically Strong , Tod fod Blockbuster results, Monthly check Industry RS, Early trend picker, Golden Crossover Weekly, Early Stage 2 New, SOIC LTI +ve, MUNAFA HUA HAI, GARP, SIMPLE VALUATION ALL WEATHER, 200EMa momentum 52weekhigh, Modest result + technicals, Cyclone, Turbo Surge, Techno Funda, Explosive Growth, Insider Trading Buying, Index Outperformance 3 Months, Industry Outperformance 3 Months, Margin Expansion"
BSE:FREDUN,Fredun Pharmaceuticals Ltd,Pharma - Formulators,1321.83,2397.8,0.57,1.39,20,"Consistent Revenue growth, Technically Strong , Tod fod Blockbuster results, Monthly check - ATH, PAT YOY>> Rev YOY, Early trend picker, Taaza Taaza 52WH, Early Stage 2 New, SOIC LTI +ve, MUNAFA HUA HAI, GARP, 200EMa momentum 52weekhigh, Turbo Surge, Techno Funda, Buoyant Growth, Index Outperformance 3 Months, Index Outperformance 1 Year, Industry Outperformance 3 Months, Industry Outperformance 1 Year, Margin Expansion"
NSE:CARYSIL,Carysil Ltd,Building Material USA,3158.12,1110.35,-0.56,20.74,20,"Stage 2 candidate, Technically Strong , Monthly check - ATH, Monthly check Industry RS, Early Stage 2, Relative Strength Index + volume, Golden Crossover Weekly, Taaza Taaza 52WH, Early Stage 2 New, Near 52WH with Volume, Weak Index Strong Stocks (Microcap-250), SOIC LTI +ve, MUNAFA HUA HAI, 200EMa momentum 52weekhigh, Long Term Breakout, Volume Rocketing, Breakout Horizon, Cyclone, Techno Funda, Index Outperformance 3 Months"
NSE:SHYAMMETL,Shyam Metalics & Energy Ltd,Steel Products,27329.8,979.1,1.77,8.13,20,"Stage 2 candidate, capex capex capex, Monthly check Industry RS, PAT YOY>> Rev YOY, Early trend picker, Relative Strength Index + volume, Golden Crossover Weekly, Golden Crossover Daily, Early Stage 2 New, Near 52WH with Volume, Weak Index Strong Stocks (Microcap-250), SOIC LTI +ve, Smallcap Heroes, MUNAFA HUA HAI, GARP, 200EMa momentum 52weekhigh, Short Term Breakout, Cyclone, Buoyant Growth, Strong Quarterly Growth"
BSE:SGFIN,SG Finserve Ltd,Finance & Investments - MSME Lending,3777.1,573.2,-0.97,0.86,20,"Consistent Earning growth, Consistent Revenue growth, Increasing ebitda margins, Technically Strong , Monthly check Industry RS, Early trend picker, GARP SHankar Nath youtube stock scans, Early Stage 2 New, SOIC LTI +ve, MUNAFA HUA HAI, GARP, 200EMa momentum 52weekhigh, Modest result + technicals, Turbo Surge, Techno Funda, Bulk Block Deals, Insider Trading Buying, Index Outperformance 3 Months, Industry Outperformance 3 Months, Strong Quarterly Growth"
BSE:MODINSU,Modern Insulators Ltd,Capital Goods - Electric General,2137.03,453.3,4.99,21.63,20,"Technically Strong , Monthly check - ATH, Monthly check Industry RS, Taaza Taaza 52WH, Early Stage 2 New, Weak Index Strong Stocks (Microcap-250), SOIC LTI +ve, MUNAFA HUA HAI, GARP, 200EMa momentum 52weekhigh, Cyclone, Turbo Surge, Alpha Leaders, Techno Funda, Buoyant Growth, Index Outperformance 3 Months, Index Outperformance 1 Year, Industry Outperformance 3 Months, Industry Outperformance 1 Year, Result Calendar"
NSE:HESTERBIO,Hester Biosciences Ltd,Pharma - Animal,1834.42,2156.4,13.81,20.03,20,"Stage 2 candidate, PAT YOY>> Rev YOY, Early trend picker, Early Stage 2, Relative Strength Index + volume, Golden Crossover Weekly, Early Stage 2 New, Near 52WH with Volume, SOIC LTI +ve, MUNAFA HUA HAI, GARP, 200EMa momentum 52weekhigh, Long Term Breakout, Short Term Breakout, Monthly Trend Twist, Techno Funda, Buoyant Growth, Index Outperformance 3 Months, Margin Expansion, Strong Quarterly Growth"
NSE:VERANDA,Veranda Learning Solutions Ltd,Computer Education,2285.11,237.24,-0.26,0.97,19,"Stage 2 candidate, Monthly check Industry RS, Golden Crossover Weekly, Improving inventory days, Early Stage 2 New, Near 52WH with Volume, SOIC LTI +ve, MUNAFA HUA HAI, GARP, 200EMa momentum 52weekhigh, Short Term Breakout, Monthly Trend Twist, Cyclone, Techno Funda, Buoyant Growth, Bulk Block Deals, Index Outperformance 3 Months, Industry Outperformance 3 Months, Result Calendar"
NSE:PACEDIGITK,Pace Digitek Ltd,Engineering - Turnkey Services,4342.5,201.18,5.66,12.88,19,"Consistent Revenue growth, Tod fod Blockbuster results, Monthly check Industry RS, PAT YOY>> Rev YOY, Early trend picker, Relative Strength Index + volume, Improving inventory days, Near 52WH with Volume, MUNAFA HUA HAI, GARP, Modest result + technicals, Volume Rocketing, Monthly Trend Twist, Cyclone, Buoyant Growth, Margin Expansion, Strong Quarterly Growth, Result Calendar, Post Earnings Announcement Drift (PEAD)"
NSE:ANTELOPUS,Antelopus Selan Energy Ltd,Oil Drilling & Exploration,2696.43,766.85,5.0,2.21,19,"Technically Strong , Tod fod Blockbuster results, Monthly check Industry RS, PAT YOY>> Rev YOY, Early trend picker, Debt Reducing, Taaza Taaza 52WH, Early Stage 2 New, Weak Index Strong Stocks (Microcap-250), SOIC LTI +ve, MUNAFA HUA HAI, GARP, SIMPLE VALUATION ALL WEATHER, 200EMa momentum 52weekhigh, Modest result + technicals, Long Term Breakout, Techno Funda, Index Outperformance 3 Months, Strong Quarterly Growth"
NSE:NLCINDIA,NLC India Ltd,Power - Generation/Distribution,47617.1,343.4,0.45,-4.17,19,"Stage 2 candidate, Technically Strong , Monthly check Industry RS, PAT YOY>> Rev YOY, Early trend picker, Early Stage 2 New, Near 52WH with Volume, SOIC LTI +ve, MUNAFA HUA HAI, GARP, 200EMa momentum 52weekhigh, Modest result + technicals, Volume Rocketing, Alpha Leaders, Techno Funda, Buoyant Growth, Index Outperformance 3 Months, Margin Expansion, Strong Quarterly Growth"
NSE:NEULANDLAB,Neuland Laboratories Ltd,Pharma - API & CRAMS,21901.9,17071.0,1.87,1.67,19,"Stage 2 candidate, Tod fod Blockbuster results, PAT YOY>> Rev YOY, Early trend picker, GARP SHANKAR NATH, Golden Crossover Weekly, Early Stage 2 New, Near 52WH with Volume, SOIC LTI +ve, MUNAFA HUA HAI, 200EMa momentum 52weekhigh, Modest result + technicals, Short Term Breakout, Cyclone, Turbo Surge, The Consolidators, Buoyant Growth, Index Outperformance 3 Months, Margin Expansion"
NSE:CEIGALL,Ceigall India Ltd,Construction - Civil/Turnkey,6148.56,352.95,3.25,8.28,19,"Technically Strong , Tod fod Blockbuster results, Monthly check Industry RS, PAT YOY>> Rev YOY, Early trend picker, GARP SHANKAR NATH, Improving inventory days, Early Stage 2 New, SOIC LTI +ve, MUNAFA HUA HAI, GARP, 200EMa momentum 52weekhigh, Modest result + technicals, Long Term Breakout, Breakout Horizon, Techno Funda, Index Outperformance 3 Months, Margin Expansion, Strong Quarterly Growth"
NSE:TDPOWERSYS,TD Power Systems Ltd,Capital Goods - Gensets/Turbines,21359.55,1367.2,5.02,8.83,19,"Stage 2 candidate, Monthly check - ATH, Taaza Taaza 52WH, Early Stage 2 New, Near 52WH with Volume, Weak Index Strong Stocks (Microcap-250), SOIC LTI +ve, Weak Index Strong stocks Microcap 250, MUNAFA HUA HAI, 200EMa momentum 52weekhigh, Modest result + technicals, Volume Rocketing, Turbo Surge, Alpha Leaders, Buoyant Growth, Smart Money Moves, Index Outperformance 3 Months, Index Outperformance 1 Year, Industry Outperformance 1 Year"
BSE:DECNGOLD,Deccan Gold Mines Ltd,Mining/Minerals,3514.73,177.6,20.0,30.78,18,"Monthly check - ATH, Monthly check Industry RS, Early trend picker, Golden Crossover Weekly, Golden Crossover Daily, Taaza Taaza 52WH, Early Stage 2 New, Weak Index Strong Stocks (Microcap-250), SOIC LTI +ve, MUNAFA HUA HAI, 200EMa momentum 52weekhigh, Modest result + technicals, Volume Rocketing, Monthly Trend Twist, Cyclone, Buoyant Growth, Insider Trading Buying, Index Outperformance 3 Months"
NSE:SUVEN,Suven Life Sciences Ltd,Pharma - Formulators,7224.1,273.93,1.07,1.67,18,"Stage 2 candidate, capex capex capex, Monthly check Industry RS, Early Stage 2, Debt Reducing, Golden Crossover Weekly, Early Stage 2 New, Near 52WH with Volume, SOIC LTI +ve, Strugglers, 200EMa momentum 52weekhigh, Long Term Breakout, Volume Rocketing, Monthly Trend Twist, Cyclone, Alpha Leaders, Index Outperformance 3 Months, Industry Outperformance 3 Months"
NSE:CRAFTSMAN,Craftsman Automation Ltd,Auto & Auto Ancl - CV,20676.83,8667.5,-0.29,1.54,18,"Increasing ebitda margins, Technically Strong , capex capex capex, Monthly check Industry RS, PAT YOY>> Rev YOY, Early trend picker, Improving inventory days, Early Stage 2 New, SOIC LTI +ve, MUNAFA HUA HAI, GARP, 200EMa momentum 52weekhigh, Cyclone, Turbo Surge, Techno Funda, Smart Money Moves, Institutional Influx, Industry Outperformance 3 Months"
NSE:HARSHA,Harsha Engineers International Ltd,Bearings,3639.03,399.7,-0.62,-2.09,18,"Stage 2 candidate, Technically Strong , Tod fod Blockbuster results, PAT YOY>> Rev YOY, Early trend picker, Golden Crossover Weekly, Early Stage 2 New, Near 52WH with Volume, EMA +RS+ VStop, SOIC LTI +ve, MUNAFA HUA HAI, GARP, 220 DMA strategy momentum, 200EMa momentum 52weekhigh, Cyclone, Buoyant Growth, Margin Expansion, Strong Quarterly Growth"
NSE:ACCENTMIC,Accent Microcell Ltd,Pharma - Formulators,1070.27,446.15,2.61,4.91,18,"Technically Strong , Monthly check - ATH, Early trend picker, GARP SHankar Nath youtube stock scans, Taaza Taaza 52WH, Early Stage 2 New, SOIC LTI +ve, MUNAFA HUA HAI, GARP, SIMPLE VALUATION ALL WEATHER, 200EMa momentum 52weekhigh, Modest result + technicals, Techno Funda, Buoyant Growth, Index Outperformance 3 Months, Index Outperformance 1 Year, Industry Outperformance 1 Year, Strong Quarterly Growth"
NSE:KENNAMET,Kennametal India Ltd,"Castings, Forgings & Fastners",6749.52,3071.0,1.35,10.11,18,"Technically Strong , Monthly check - ATH, Monthly check Industry RS, PAT YOY>> Rev YOY, Early trend picker, Debt Reducing, Early Stage 2 New, SOIC LTI +ve, MUNAFA HUA HAI, GARP, 200EMa momentum 52weekhigh, Modest result + technicals, Cyclone, Techno Funda, Margin Mavericks, Index Outperformance 3 Months, Margin Expansion, Strong Quarterly Growth"
NSE:PRECWIRE,Precision Wires India Ltd,Copper Wires,8355.24,457.05,3.26,19.68,18,"Tod fod Blockbuster results, Monthly check - ATH, PAT YOY>> Rev YOY, Early trend picker, GARP SHANKAR NATH, Taaza Taaza 52WH, Early Stage 2 New, Weak Index Strong Stocks (Microcap-250), SOIC LTI +ve, MUNAFA HUA HAI, 200EMa momentum 52weekhigh, Modest result + technicals, Turbo Surge, Alpha Leaders, Buoyant Growth, Explosive Growth, Index Outperformance 3 Months, Index Outperformance 1 Year"
NSE:SKYGOLD,Sky Gold & Diamonds Ltd,"Diamond, Gems & Jewellery",7438.59,480.3,-0.84,4.8,18,"Consistent Earning growth, Increasing ebitda margins, Technically Strong , capex capex capex, Tod fod Blockbuster results, Monthly check Industry RS, Improving inventory days, Early Stage 2 New, MUNAFA HUA HAI, GARP, 200EMa momentum 52weekhigh, Alpha Leaders, Techno Funda, Buoyant Growth, Smart Money Moves, Index Outperformance 3 Months, Industry Outperformance 3 Months, Result Calendar"
NSE:LLOYDSENGG,Lloyds Engineering Works Ltd,Capital Goods - Electrical Equipment,11252.18,77.01,3.19,12.52,18,"Stage 2 candidate, Monthly check Industry RS, Early trend picker, Relative Strength Index + volume, Golden Crossover Weekly, Golden Crossover Daily, Early Stage 2 New, Near 52WH with Volume, SOIC LTI +ve, MUNAFA HUA HAI, 200EMa momentum 52weekhigh, Modest result + technicals, Long Term Breakout, Monthly Trend Twist, Cyclone, Buoyant Growth, Index Outperformance 3 Months, Industry Outperformance 3 Months"
BSE:ADCINDIA,ADC India Communications Ltd,Telecom Services,1173.39,2550.85,5.0,14.1,18,"Stage 2 candidate, Monthly check - ATH, Monthly check Industry RS, Relative Strength Index + volume, Taaza Taaza 52WH, Improving inventory days, Early Stage 2 New, Near 52WH with Volume, Weak Index Strong Stocks (Microcap-250), SOIC LTI +ve, 200EMa momentum 52weekhigh, Monthly Trend Twist, Buoyant Growth, Index Outperformance 3 Months, Index Outperformance 1 Year, Industry Outperformance 3 Months, Industry Outperformance 1 Year, Post Earnings Announcement Drift (PEAD)"
NSE:PAISALO,Paisalo Digital Ltd,Finance - Capital Markets - Brokers,4473.03,49.18,-1.38,3.71,18,"Increasing ebitda margins, Technically Strong , Monthly check Industry RS, PAT YOY>> Rev YOY, Early trend picker, Taaza Taaza 52WH, Early Stage 2 New, Weak Index Strong Stocks (Microcap-250), SOIC LTI +ve, MUNAFA HUA HAI, GARP, 200EMa momentum 52weekhigh, Modest result + technicals, Cyclone, Techno Funda, Insider Trading Buying, Index Outperformance 3 Months, Industry Outperformance 3 Months"
BSE:COCKERILL,John Cockerill India Ltd,Capital Goods - Engineering Heavy,3149.98,6379.3,-2.36,17.77,18,"Monthly check - ATH, Monthly check Industry RS, PAT YOY>> Rev YOY, Early trend picker, Taaza Taaza 52WH, Early Stage 2 New, Weak Index Strong Stocks (Microcap-250), SOIC LTI +ve, MUNAFA HUA HAI, 200EMa momentum 52weekhigh, Modest result + technicals, Short Term Breakout, Volume Rocketing, Cyclone, Buoyant Growth, Index Outperformance 3 Months, Index Outperformance 1 Year, Industry Outperformance 1 Year"
NSE:SFL,Sheela Foam Ltd,Mattress,6843.5,626.7,-1.31,6.85,18,"Increasing ebitda margins, PAT YOY>> Rev YOY, Early trend picker, Relative Strength Index + volume, Improving inventory days, Early Stage 2 New, Near 52WH with Volume, SOIC LTI +ve, MUNAFA HUA HAI, GARP, 220 DMA strategy momentum, 200EMa momentum 52weekhigh, Short Term Breakout, Volume Rocketing, Cyclone, Industry Outperformance 3 Months, Margin Expansion, Strong Quarterly Growth"
